﻿<?xml version="1.0" encoding="UTF-8"?>
<Messages version="1.0" DataVersion="2.0">
  <MessageFactory id="TPIConfig">
    <GeneralParams>
      <ConnectionInfo host="10.250.34.34" port="21210" useSsl="false" sslCertificateName="CN=WTMXOMNIG01.waldos.com" sendTimeout="5000" recvTimeout="100000" />
      <Currencies>
        <Currency key="USD" code="840" name="Dólares Estadounidenses" symbol="USD" membershipNumber="0" terminalId="1512" />
        <Currency key="MXN" code="484" name="Pesos mexicanos" symbol="MXN" membershipNumber="0" terminalId="1512" />
      </Currencies>
    </GeneralParams>
    <MessageDefinitions>
      <SourceMessageDefinition type="xml" requestHeader="" responseHeader="" errorWhenUnexpectedField="true">
        <Fields>
          <Field key="OperationType" fieldType="Simple" name="Tipo Operacion" representation="an ..50" />
          <Field key="TRX_AMOUNT" fieldType="Simple" name="Monto Transaccion" representation="f ..12" />
          <Field key="AdditionalAmount" fieldType="Simple" name="Monto Adicional" representation="f ..12" />
          <Field key="TotalAmount" fieldType="Simple" name="Monto total" representation="f ..12" />
          <Field key="POS_TRACE_NUMBER" fieldType="Simple" name="Folio" representation="n .6" />
          <Field key="CURRENCY_CODE" fieldType="Simple" name="Moneda" representation="n 3" />
          <Field key="CurrencySymbol" fieldType="Simple" name="Moneda" representation="an 5" />
          <Field key="ProcessingCode" fieldType="Simple" name="Codigo de procesamiento" representation="n 6" />
          <Field key="ResponseCode" fieldType="Simple" name="Codigo de respuesta" representation="an 2" />
          <Field key="AUTHORIZATION_ID" fieldType="Simple" name="Codigo de autorizacion" representation="anp 6" />
          <Field key="RetrievalReferenceNumber" fieldType="Simple" name="Referencia" representation="n ..12" />
          <Field key="PAN" fieldType="Simple" name="Numero de tarjeta" representation="n ..19" />
          <Field key="CARD_EXP_DATE" fieldType="Simple" name="Fecha de expiracion" representation="n 4" />
          <Field key="MerchantId" fieldType="Simple" name="Afiliacion" representation="ans 8" />
          <Field key="TERMINAL_ID" fieldType="Simple" name="Terminal" representation="n 8" />
          <Field key="ORIGINAL_TERMINAL_ID" fieldType="Simple" name="Terminal" representation="n .8" />
          <Field key="LOCAL_DATE" fieldType="Simple" name="Date, local transaction" representation="ans ..20" />
          <Field key="LOCAL_TIME" fieldType="Simple" name="Time, local transaction" representation="ans ..20" />
          <Field key="ResponseTrxDate" fieldType="Simple" name="Date, local transaction" representation="ans ..20" />
          <Field key="ORIGINAL_TRX_DATE" fieldType="Simple" name="Time, local transaction" representation="ans ..20" />
          <Field key="ARQC" fieldType="Simple" name="ARQC" representation="an 16" />
          <Field key="AID" fieldType="Simple" name="Application ID" representation="an 16" />
          <Field key="CardProduct" fieldType="Simple" name="Card Product Name" representation="ansp 20" />
          <Field key="IssuerAuthenticationData" fieldType="Simple" name="Issuer Authentication Data" representation="an ..32" />
          <Field key="PromotionPayments" fieldType="Simple" name="Promotion payments" representation="n 6" />
          <Field key="ReservationNumber" fieldType="Simple" name="Reservation Number" representation="n ..12" />
          <Field key="TOKEN_DATA" fieldType="Simple" name="Token Data" representation="ans ...999" />
          <Field key="REQUEST_XML" fieldType="Simple" name="Request XML" representation="ans ...999" />
          <Field key="POS_ENTRY_MODE" fieldType="Simple" name="Point of service entry mode" representation="n 3" />
          <Field key="PHONE_NUMBER" fieldType="Simple" name="Telephone Number" representation="n .10" />
          <Field key="REFERENCE_NUMBER" fieldType="Simple" name="System Reference Number" representation="n ..12" />
          <Field key="RESPONSE_CODE" fieldType="Simple" name="Response Code" representation="an 2" />
          <Field key="POS_TEXT" fieldType="Simple" name="TextoPOS" representation="ans ...999" />
          <Field key="ICCDATA" fieldType="Simple" name="TextoPOS" representation="ans ....2000" />
          <Field key="ADDITIONAL_AMOUNT" fieldType="Simple" name="AdditionalAmount" representation="f ..12" />
          <Field key="ADDITIONAL_RESPONSE_DATA" fieldType="Simple" name="AdditionalAmount" representation="ans ..25" />
          <Field key="ACCOUNTING_DATE" fieldType="Simple" name="Date, local transaction" representation="ans ..20" />
          <Field key="SKU" fieldType="Simple" name="SKU" representation="an ..13" />
          <Field key="OPERATOR_ID" fieldType="Simple" name="OperatorID" representation="an ..10" />
          <Field key="SERVICE_REFERENCE" fieldType="Simple" name="Service Reference" representation="an ...120" />
          <Field key="SERVICE_AMOUNT" fieldType="Simple" name="Monto Transaccion" representation="f ..12" />
          <Field key="PAYMENT_TYPE" fieldType="Simple" name="Payment Type" representation="an ..30" />
          <Field key="SERVICE_AUTHID" fieldType="Simple" name="Payment Type" representation="n ..20" />
          <Field key="XML_INFO_DATA" fieldType="Simple" name="Request XML" representation="b .....99999" />
          <Field key="ZC_INFO_DATA" fieldType="Simple" name="Request XML" representation="b .....99999" />
          <Field key="OPERATOR_NAME" fieldType="Simple" name="Operator Name" representation="ans ..20" />
          <Field key="referenceNumber" fieldType="Simple" name="System Reference Number" representation="an .8" />
          <Field key="PIN" fieldType="Simple" name="PIN" representation="ans .8" />
          <Field key="CUSTOMER_ID_TYPE" fieldType="Simple" name="CustomerIdType" representation="ansp ..50" />
          <Field key="CUSTOMER_ID_NUMBER" fieldType="Simple" name="CustomerIdNumber" representation="an ..99" />
          <Field key="CUSTOMER_NAME" fieldType="Simple" name="CustomerName" representation="b ..99" />
          <Field key="CUSTOMER_MIDDLE_NAME" fieldType="Simple" name="CUSTOMER MIDDLE NAME" representation="b ..99" />
          <Field key="CUSTOMER_LASTNAME_1" fieldType="Simple" name="CUSTOMER_LASTNAME_1" representation="b ..99" />
          <Field key="CUSTOMER_LASTNAME_2" fieldType="Simple" name="CUSTOMER_LASTNAME_2" representation="b ..99" />
          <Field key="CUSTOMER_BIRTHDATE" fieldType="Simple" name="CUSTOMER_BIRTHDATE" representation="ans 10" />
          <Field key="CUSTOMER_XML_DATA" fieldType="Simple" name="CUSTOMER_XML_DATA" representation="b ..999" />
          <Field key="CUSTOMER_NUMBER" fieldType="Simple" name="CustomerIdNumber" representation="n .9" />
          <Field key="ZIP_CODE" fieldType="Simple" name="CUSTOMER_XML_DATA" representation="n 5" />
          <Field key="REMITTANCE_COMPANY" fieldType="Simple" name="CustomerIdNumber" representation="n 1" />
          <Field key="PAY_REFERENCE_NO" fieldType="Simple" name="CustomerIdNumber" representation="an ..30" />
          <Field key="PAYMENT_AMOUNT" fieldType="Simple" name="CustomerIdNumber" representation="ans ..30" />
          <Field key="PAYMENT_DATE" fieldType="Simple" name="CustomerIdNumber" representation="ansp ..30" />
          <Field key="PAYMENT_RECEIPT_NO" fieldType="Simple" name="CustomerIdNumber" representation="an ..30" />
          <Field key="MEMBER_ID" fieldType="Simple" name="CustomerIdNumber" representation="an ..30" />
          <Field key="PAYMENT_MODE" fieldType="Simple" name="CustomerIdNumber" representation="an ..30" />
          <Field key="UPC" fieldType="Simple" name="CustomerIdNumber" representation="ans ..13" />
          <Field key="STORE_NUMBER" fieldType="Simple" name="CustomerIdNumber" representation="ans 4" />
          <Field key="ACCOUNT_NUMBER" fieldType="Simple" name="ACCOUNT_NUMBER" representation="ans 30" />
          <Field key="ODP_REF" fieldType="Simple" name="ODP_REF" representation="ans ..40" />
          <Field key="PDC_REF" fieldType="Simple" name="PDC_REF" representation="ans ..40" />
          <Field key="TERMINAL_IP" fieldType="Simple" name="TERMINAL_IP" representation="ans ..20" />
          <Field key="ID_NUMBER" fieldType="Simple" name="ID_NUMBER" representation="ans ..20" />
          <Field key="SUPERVISOR_ID" fieldType="Simple" name="SUPERVISOR_ID" representation="an ..10" />
          <Field key="SUPERVISOR_NAME" fieldType="Simple" name="SUPERVISOR_NAME" representation="ans ..20" />
          <Field key="SEND_MTD" fieldType="Simple" name="SEND_MTD" representation="n 1" />
          <Field key="LAST_NAME" fieldType="Simple" name="LAST_NAME" representation="ans ..99" />
          <Field key="PHONE" fieldType="Simple" name="PHONE" representation="n 4" />
          <Field key="NEW_PAN" fieldType="Simple" name="Numero de tarjeta nuevo" representation="n ..19" />
          <Field key="OLD_PAN" fieldType="Simple" name="Numero de tarjeta anterior" representation="n ..19" />
          <Field key="TRX_TOTALAMOUNT" fieldType="Simple" name="TRX_TOTALAMOUNT" representation="f ..12" />
          <Field key="PAY_MTD" fieldType="Simple" name="PAY_MTD" representation="b ...999" />
          <Field key="PRODUCTS" fieldType="Simple" name="Monto Transaccion" representation="b ...9999" />
          <Field key="PREV_POSTRACENUMBER" fieldType="Simple" name="Folio Previo" representation="n .6" />
          <Field key="REGISTER_DATA" fieldType="Simple" name="REGISTER_DATA" representation="b ...999" />
          <Field key="DISCOUNT" fieldType="Simple" name="DISCOUNT" representation="ansp 15" />
          <Field key="ISSUER_CARD" fieldType="Simple" name="Tipo de tarjeta" representation="n 1" />
          <Field key="MONTHS_01" fieldType="Simple" name="Diferimiento" representation="n 2" />
          <Field key="MONTHS_02" fieldType="Simple" name="Parcialización" representation="n 2" />
          <Field key="PLAN" fieldType="Simple" name="Tipo de Plan" representation="n 2" />
          <Field key="CASHBACK" fieldType="Simple" name="Monto Adicional" representation="f ..12" />
          <Field key="ISSUER" fieldType="Simple" name="ISSUER" representation="ans ..10" />
          <Field key="FEE" fieldType="Simple" name="FEE" representation="ans ..10" />
          <Field key="NEWKEY_ FLAG" fieldType="Simple" name="Service Reference" representation="n 1" />
          <Field key="INPUT_MODE" fieldType="Simple" name="Modo de Ingreso" representation="n 3" />
          <Field key="ENTITY" fieldType="Simple" name="Entidad" representation="an ..50" />
          <Field key="OTP" fieldType="Simple" name="One Time Password" representation="an..12" />
          <Field key="ORIGINAL_REFERENCE_NUMBER" fieldType="Simple" name="PAN" representation="ans ..19" />
          <Field key="ORIGINAL_MPS_TRXID" fieldType="Simple" name="Tokens data" representation="ans ...999" />
          <Field key="IDENTIFICATION_TYPE" fieldType="Simple" name="CustomerIdNumber" representation="ans ..30" />
          <Field key="IDENTIFICATION_NUMBER" fieldType="Simple" name="CustomerIdNumber" representation="ans ..30" />
          <Field key="PAYMENT_METHOD" fieldType="Simple" name="CustomerIdNumber" representation="ans ..30" />
          <Field key="BAZ_REFERENCE_NUMBER" fieldType="Simple" name="Procut Reference" representation="ans ..20" />
          <Field key="OPERATION_TYPE" fieldType="Simple" name="Operation Type" representation="n 4" />
          <Field key="AMOUNT_TRX_FEE" fieldType="Simple" name="Comisión BAZ" representation="n .9" />
          <Field key="AMOUNT_TRXTAX_FEE" fieldType="Simple" name="IVA comisión BAZ" representation="n .9" />
          <Field key="AMOUNT_MERCH_FEE" fieldType="Simple" name="Comisión corresponsal" representation="n .9" />
          <Field key="AMOUNT_MERCHTAX_FEE" fieldType="Simple" name="IVA Comisión corresponsal" representation="n .9" />
          <Field key="SIGUE_REFERENCE_NUMBER" fieldType="Simple" name="Sigue MTCN" representation="ans ..30" />
        </Fields>
      </SourceMessageDefinition>
      <SinkMessageDefinition type="ISO8583" requestHeader="Iso025000070" responseHeader="Iso025000070" requestUseLength="true" responseUseLength="true" bitmapType="HEX" errorWhenUnexpectedField="true">
        <Fields>
          <Field key="2" fieldType="Simple" name="Primary Account Number (PAN)" representation="n ..19" />
          <Field key="3" fieldType="Simple" name="Processing code" representation="n 6" />
          <Field key="4" fieldType="Simple" name="Amount, transaction" representation="n 12" />
          <Field key="7" fieldType="Simple" name="Date and time transmission" representation="n 10" />
          <Field key="11" fieldType="Simple" name="Systems trace audit number" representation="n 6" />
          <Field key="12" fieldType="Simple" name="Time, local transaction (hhmmss)" representation="n 6" />
          <Field key="13" fieldType="Simple" name="Date, local transaction (MMDD)" representation="n 4" />
          <Field key="14" fieldType="Simple" name="Date, expiration" representation="n 4" />
          <Field key="15" fieldType="Simple" name="Local date transaction" representation="n 4" />
          <Field key="17" fieldType="Simple" name="Local date capture" representation="n 4" />
          <Field key="18" fieldType="Simple" name="Merchant type" representation="n 4" />
          <Field key="22" fieldType="Simple" name="Point of service entry mode" representation="n 3" />
          <Field key="23" fieldType="Simple" name="Card Sequence Number" representation="n 3" />
          <Field key="24" fieldType="Simple" name="Function code (ISO 8583:1993)/Network International identifier (NII)" representation="n 3" />
          <Field key="25" fieldType="Simple" name="Point of service condition code" representation="n 2" />
          <Field key="27" fieldType="Simple" name="Authorizing identification response length" representation="n 1" />
          <Field key="32" fieldType="Simple" name="Acquiring institution code" representation="n ..11" />
          <Field key="35" fieldType="Simple" name="Track 2" representation="z ..37" />
          <Field key="37" fieldType="Simple" name="Retrieval reference number" representation="n 12" />
          <Field key="38" fieldType="Simple" name="Approval code" representation="anp 6" />
          <Field key="39" fieldType="Simple" name="Status code" representation="an 2" />
          <Field key="41" fieldType="Simple" name="Card acceptor terminal identification" representation="ans 16" />
          <Field key="42" fieldType="Simple" name="Card acceptor identification code" representation="ans 15" />
          <Field key="43" fieldType="Simple" name="Card acceptor Name/location" representation="ans 40" />
          <Field key="44" fieldType="Simple" name="Additional response data" representation="ans ..99" />
          <Field key="45" fieldType="Simple" name="Track 1 Data" representation="ans ..76" />
          <Field key="48" fieldType="Simple" name="B24 Retailer data" representation="ansp ...999" />
          <Field key="49" fieldType="Simple" name="Currency code, transaction" representation="n 3" />
          <Field key="54" fieldType="Simple" name="Additional Amount" representation="ansp 15" />
          <Field key="55" fieldType="Simple" name="Card data" representation="b ....2000" />
          <Field key="60" fieldType="Simple" name="B24 Terminal data" representation="ansp ...999" />
          <Field key="61" fieldType="Simple" name="B24 Card issuer category response data" representation="ansp ...999" />
          <Field key="62" fieldType="Simple" name="B24 Card issuer category response data" representation="ansp ...999" />
          <Field key="63" fieldType="Simple" name="Tokens" representation="ansp ...999" />
          <Field key="68" fieldType="Simple" name="XML_INFO_DATA" representation="b .....99999" />
          <Field key="69" fieldType="Simple" name="XML_INFO_DATA" representation="b .....99999" />
          <Field key="72" fieldType="Simple" name="Reserved for ISO use" representation="n 4" />
          <Field key="90" fieldType="Simple" name="Original Data Elements" representation="ansp ..999" />
          <Field key="93" fieldType="Simple" name="POST_TEXT" representation="b ...999" />
          <Field key="100" fieldType="Simple" name="Receiving institution id code" representation="n ..11" />
          <Field key="102" fieldType="Simple" name="Receiving institution id code" representation="n ..19" />
          <Field key="120" fieldType="Simple" name="B24 Terminal branch address" representation="ansp ...999" />
          <Field key="121" fieldType="Simple" name="B24 Authorization indicators" representation="ans ..23" />
          <Field key="125" fieldType="Simple" name="Network Managment Info" representation="ansp ...999" />
          <Field key="126" fieldType="Simple" name="B24 Authorization indicators" representation="ans ..44" />
          <Field key="127" fieldType="Simple" name="TEST 127" representation="ansp ..999" />
          <Field key="20" fieldType="Simple" name="Operation Code" representation="an 4" />
        </Fields>
      </SinkMessageDefinition>
    </MessageDefinitions>
    <DataLogicSKUDictionary>
      <Service SKU="8469760000149" Description="CFE" />
      <Service SKU="8469760000019" Description="TELMEX" />
      <Service SKU="8469767769889" Description="TELMEX RL" />
      <Service SKU="8469760000439" Description="TELNOR" />
      <Service SKU="8469760000966" Description="PAGO A TESORERIA CDMX" />
      <Service SKU="8469760002815" Description="GOBIERNO ESTADO MEXICO" />
      <Service SKU="8469760002396" Description="FACTURAS IZZI" />
      <Service SKU="8469760002136" Description="SKY" />
      <Service SKU="8469761001893" Description="DISH" />
      <Service SKU="8469760000064" Description="MAXCOM" />
      <Service SKU="8469761001589" Description="AXTEL" />
      <Service SKU="6578846500076" Description="FACTURAS TELCEL" />
      <Service SKU="8469760000057" Description="FACTURAS MOVISTAR" />
      <Service SKU="8469760002235" Description="FACTURAS NEXTEL" />
      <Service SKU="8469760000330" Description="FACTURAS IUSACELL" />
      <Service SKU="8469760002860" Description="FACTURAS ATT" />
      <Service SKU="8469761001350" Description="GOBIERNO CHIHUAHUA" />
      <Service SKU="8469761002074" Description="GOBIERNO DE ZACATECAS" />
      <Service SKU="8469760002327" Description="MUNICIPIO CORREGIDORA QRO" />
      <Service SKU="8469760000187" Description="INFONAVIT" />
      <Service SKU="8469764001531" Description="AMAZON CASH" />
      <Service SKU="8469761001916" Description="MEGACABLE" />
      <Service SKU="8469760002723" Description="TOTALPLAY" />
      <Service SKU="8469760002631" Description="STAR TV" />
      <Service SKU="8469760002785" Description="GIGACABLE" />
      <Service SKU="8469760000392" Description="GLOBAL CARD" />
      <Service SKU="8469761002029" Description="CREDISCOTIA" />
      <Service SKU="8469760000262" Description="ARABELA" />
      <Service SKU="8469761002043" Description="AEROMEXICO" />
      <Service SKU="8469761001534" Description="PAYNET" />
      <Service SKU="8469760002280" Description="CONEKTA" />
      <Service SKU="8469760002532" Description="SOFIPA" />
      <Service SKU="8469760002754" Description="FINSOL" />
      <Service SKU="8469760002884" Description="AGUA CD VICTORIA COMAPA TAMAULIPAS" />
      <Service SKU="8469760002563" Description="OMNIBUS DE MEXICO" />
      <Service SKU="8469760002853" Description="JAFRA" />
      <Service SKU="8469760003703" Description="AVON" />
      <Service SKU="6682656802920" Description="TARJETAS BRADESCARD" />
      <Service SKU="8469760003300" Description="CALIENTE CALIPLAY" />
      <Service SKU="8469760032522" Description="SUPERBOLETOS" />
      <Service SKU="8469760032515" Description="READERS DIGEST" />
      <Service SKU="8469760032546" Description="ECISA TIME LIFE" />
      <Service SKU="8469760032539" Description="ITALIKA" />
      <Service SKU="8469760032553" Description="DINERO EXPRESS" />
      <Service SKU="8469760000293" Description="SADM MONTERREY" />
      <Service SKU="8469761001190" Description="SIAPA GUADALAJARA" />
      <Service SKU="8469760002242" Description="AGUA SAN LUIS POTOSI" />
      <Service SKU="8469760003188" Description="AGUA DE JUAREZ JMAS" />
      <Service SKU="8469760002594" Description="CESPT TIJUANA" />
      <Service SKU="8465800100008" Description="TRANSPO PACIFICO TAP" />
      <Service SKU="8265800100004" Description="RAPPI" />
      <Service SKU="6586780100009" Description="AVON" />
      <Service SKU="8469760000804" Description="PAY SAFE CASH" />
      <Service SKU="7169830100007" Description="GESTOPAGO" />
      <Service SKU="7082850100003" Description="RAPYD0" />
      <Service SKU="8065710100008" Description="PAGOFACIL" />
      <Service SKU="6576660100007" Description="ALBO" />
      <Service SKU="8875780100002" Description="XK-NET" />
      <Service SKU="8465760100001" Description="CODICE-TALENTO" />
      <Service SKU="8469761003538" Description="OAPAS NAUCALPAN" />
      <Service SKU="8082730100009" Description="PRICE SHOES" />
      <Service SKU="8469760003270" Description="TERARED" />
      <Service SKU="8469760003195" Description="UNIPAGOS (E-Wallet)" />
      <Service SKU="8469760003225" Description="PRESTAMOS EN UN CLIC" />
      <Service SKU="8469762000024" Description="GOBIERNO DE CELAYA" />
      <Service SKU="8469741200018" Description="GOBIERNO DE GUANAJUATO" />
      <Service SKU="8469760000514" Description="AGUAKAN (Quintana Roo)" />
      <Service SKU="8469760002266" Description="JAD (Matamoros)" />
      <Service SKU="8469760002143" Description="AGUA DE SALTILLO" />
      <Service SKU="8469038400015" Description="GOBIERNO DE VERACRUZ" />
      <Service SKU="8469741000014" Description="GOBIERNO DE SONORA" />
      <Service SKU="8469041700010" Description="AGUA DE VERACRUZ GRUPO MAS" />
      <Service SKU="7178790100002" Description="GAS NATURAL NATURGY ONLINE" />
    </DataLogicSKUDictionary>
    <Operation Key="SIGUE Reversa" OperationCode="8950" CardDataRequired="false" Description="Sigue Remittances" Sku="" ReversalSupported="false" MaxReversalRetries="0">
      <Request mti="0200">
        <SourceMessageStructure errorWhenUnexpectedField="true">
          <Fields>
            <Field key="LOCAL_TIME" mandatory="true" dataSource="User" />
            <Field key="LOCAL_DATE" mandatory="true" dataSource="User" />
            <Field key="SIGUE_REFERENCE_NUMBER" mandatory="true" dataSource="User" />
          </Fields>
        </SourceMessageStructure>
        <SinkMessageStructure>
          <Conditions>
          </Conditions>
          <Fields>
            <Field key="2" mandatory="false" dataSource="Fixed">8888881234567892</Field>
            <Field key="3" mandatory="true" dataSource="Fixed">000000</Field>
            <Field key="4" mandatory="true" dataSource="Function" format="Int32|D12">AMOUNT_TO_ISO(0.01)</Field>
            <Field key="11" mandatory="true" dataSource="Fixed">654321</Field>
            <Field key="12" mandatory="true" dataSource="CopyReqSrc">LOCAL_TIME</Field>
            <Field key="13" mandatory="true" dataSource="CopyReqSrc">LOCAL_DATE</Field>
            <Field key="20" mandatory="true" dataSource="OperationCode">
			</Field>
            <Field key="41" mandatory="true" dataSource="Fixed">0000000063140001</Field>
            <Field key="49" mandatory="true" dataSource="Fixed">484</Field>
            <Field key="68" mandatory="true" dataSource="XmlData">
              <Field key="OPERATOR_ID" mandatory="true" dataSource="Fixed">1</Field>
              <Field key="OPERATOR_NAME" mandatory="true" dataSource="Fixed">Waldos</Field>
              <Field key="OPERATION_TYPE" mandatory="true" dataSource="Fixed">8954</Field>
              <Field key="SIGUE_REFERENCE_NUMBER" mandatory="true" dataSource="CopyReqSrc">SIGUE_REFERENCE_NUMBER</Field>
              <Field key="CUSTOMER_NUMBER" mandatory="false" dataSource="Fixed">1</Field>
              <Field key="XML_INFO_DATA" mandatory="false" dataSource="Fixed"></Field>
            </Field>
          </Fields>
        </SinkMessageStructure>
      </Request>
      <Response mti="0210">
        <SinkMessageStructure errorWhenUnexpectedField="false">
          <Conditions>
            <Condition key="SUCCESS_RESPONSE" function="CHECK_NOT_IN([RSPSNK:39], 12, 14, 30, 54, 58, 91, 94, 95, 90)" />
            <Condition key="APPROVED" function="CHECK_EQUALS([RSPSNK:39], 00)" />
          </Conditions>
          <Fields>
            <Field key="2" mandatory="conditional" mandatoryCondition="SUCCESS_RESPONSE" />
            <Field key="3" mandatory="conditional" mandatoryCondition="SUCCESS_RESPONSE" />
            <Field key="4" mandatory="conditional" mandatoryCondition="SUCCESS_RESPONSE" />
            <Field key="11" mandatory="conditional" mandatoryCondition="SUCCESS_RESPONSE" />
            <Field key="12" mandatory="conditional" mandatoryCondition="SUCCESS_RESPONSE" />
            <Field key="13" mandatory="conditional" mandatoryCondition="SUCCESS_RESPONSE" />
            <Field key="35" mandatory="false" />
            <Field key="37" mandatory="conditional" mandatoryCondition="APPROVED" />
            <Field key="38" mandatory="conditional" mandatoryCondition="APPROVED" />
            <Field key="39" mandatory="true" />
            <Field key="41" mandatory="conditional" mandatoryCondition="SUCCESS_RESPONSE" ignoreWhitespace="true" />
            <Field key="49" mandatory="conditional" mandatoryCondition="SUCCESS_RESPONSE" />
            <Field key="69" mandatory="conditional" mandatoryCondition="APPROVED" />
          </Fields>
        </SinkMessageStructure>
        <SourceMessageStructure>
          <Conditions>
            <Condition key="SUCCESS_RESPONSE" function="CHECK_NOT_IN([RSPSNK:39], 12, 14, 30, 54, 58, 91, 94, 95, 90)" />
            <Condition key="APPROVED" function="CHECK_EQUALS([RSPSNK:39], 00)" />
            <Condition key="CARD_INSERTED" function="STARTS_WITH([CD:Entry_Mode], 05)" />
            <Condition key="CARD_USED" function="CHECK_NOT_IN(SUBSTRING([CD:Entry_Mode], 0, 2), 01)" />
            <Condition key="FULL_EMV" function="IS_DEFINED(PARSE_TOKEN([RSPSNK:63], B5))" />
          </Conditions>
          <Fields>
            <Field key="POS_TRACE_NUMBER" mandatory="true" dataSource="CopyRspSnk">11</Field>
            <Field key="LOCAL_DATE" mandatory="true" dataSource="Echo" />
            <Field key="LOCAL_TIME" mandatory="true" dataSource="Echo" />
            <Field key="REFERENCE_NUMBER" mandatory="conditional" mandatoryCondition="APPROVED" dataSource="CopyRspSnk">37</Field>
            <Field key="AUTHORIZATION_ID" mandatory="conditional" mandatoryCondition="APPROVED" dataSource="CopyRspSnk">38</Field>
            <Field key="RESPONSE_CODE" mandatory="true" dataSource="CopyRspSnk">39</Field>
            <Field key="XML_INFO_DATA" mandatory="conditional" mandatoryCondition="APPROVED" dataSource="CopyRspSnk">69</Field>
            <Field key="TERMINAL_ID" mandatory="conditional" mandatoryCondition="SUCCESS_RESPONSE" dataSource="CopyReqSnk" format="Int32|D16">41</Field>
          </Fields>
        </SourceMessageStructure>
      </Response>
    </Operation>
  </MessageFactory>
</Messages>